id_venda,id_produto,valor,data_venda
1,1,150,20240830
2,1,150,20240830
3,2,180,20240830
4,3,200,20240830
5,3,220,20240830
6,4,570,20240830
7,5,890,20240830
8,6,"1200.222222445",20240830
9,6,"1500.1224242424",20240830
10,6,"1600.7242424",20240830